{"iteration_indices": [1, 2, 3, 4, 5, 6, 7, 8, 9, 10, 11, 12, 13, 14, 15], "mean_values": [-0.016583151779231045, 0.09152246278141257, 0.175052351908593, 0.2325168661167293, 0.27042595435138445, 0.2948154294302398, 0.309656146780164, 0.31842689206295, 0.32347538652057545, 0.3263399855957035, 0.3279446479799941, 0.32883816798693843, 0.32933262449699535, 0.3296056471881692, 0.329756026084771], "changed_actions": [3329, 695, 522, 373, 320, 192, 104, 50, 18, 9, 20, 14, 14, 1, 0], "changed_actions_percentages": [0.6043936092955701, 0.12618010167029775, 0.09477124183006536, 0.0677196804647785, 0.05809731299927379, 0.034858387799564274, 0.01888162672476398, 0.00907770515613653, 0.0032679738562091504, 0.0016339869281045752, 0.0036310820624546117, 0.002541757443718228, 0.002541757443718228, 0.00018155410312273057, 0.0]}